,Songname,Singer,Album
0,밤하늘의 별을(2020),경서,밤하늘의 별을(2020)
1,VVS (Feat. JUSTHIS) (Prod. GroovyRoom),미란이 (Mirani),쇼미더머니 9 Episode 1
2,Dynamite,먼치맨(MUNCHMAN),Dynamite (DayTime Version)
3,잠이 오질 않네요,Khundi Panda,잠이 오질 않네요
4,이 밤을 빌려 말해요 (바른연애 길잡이 X 10CM),머쉬베놈 (MUSHVENOM),이 밤을 빌려 말해요 (바른연애 길잡이 X 10CM)
5,Lovesick Girls,방탄소년단,THE ALBUM
6,취기를 빌려 (취향저격 그녀 X 산들),장범준,취기를 빌려 (취향저격 그녀 X 산들)
7,힘든 건 사랑이 아니다,10CM,힘든 건 사랑이 아니다
8,"내일이 오면 (Feat. 기리보이, BIG Naughty (서동현))",BLACKPINK,쇼미더머니 9 Episode 3
9,오래된 노래,산들,오래된 노래
10,Life Goes On,임창정,BE
11,Savage Love (Laxed - Siren Beat) (BTS Remix),릴보이 (lIlBOI),Savage Love (Laxed - Siren Beat) [BTS Remix]
12,에잇(Prod.&Feat. SUGA of BTS),스탠딩 에그,에잇
13,내 마음이 움찔했던 순간 (취향저격 그녀 X 규현),방탄소년단,내 마음이 움찔했던 순간 (취향저격 그녀 X 규현)
14,나랑 같이 걸을래 (바른연애 길잡이 X 적재),Jawsh 685,나랑 같이 걸을래 (바른연애 길잡이 X 적재)
15,화(火花),Jason Derulo,I burn
16,"어떻게 이별까지 사랑하겠어, 널 사랑하는 거지",방탄소년단,항해
17,혼술하고 싶은 밤,아이유,혼술하고 싶은 밤
18,흔들리는 꽃들 속에서 네 샴푸향이 느껴진거야,규현 (KYUHYUN),멜로가 체질 OST Part 3
19,"CREDIT (Feat. 염따, 기리보이, Zion.T)",적재,쇼미더머니 9 Final
20,Blueming,(여자)아이들,Love poem
21,When We Disco (Duet with 선미),AKMU (악동뮤지션),When We Disco
22,늦은 밤 너의 집 앞 골목길에서,벤,늦은 밤 너의 집 앞 골목길에서
23,METEOR,장범준,Boyhood
24,어떻게 지내 (Prod. By VAN.C),릴보이 (lIlBOI),어떻게 지내
25,"모든 날, 모든 순간 (Every day, Every Moment)",아이유,'키스 먼저 할까요?' OST Part.3
26,How You Like That,박진영,How You Like That
27,사실 나는 (Feat.전건호),노을,사실 나는
28,그날에 나는 맘이 편했을까,창모 (CHANGMO),그날에 나는 맘이 편했을까
29,아로하,오반 (OVAN),슬기로운 의사생활 OST Part 3
30,Dolphin,폴킴,NONSTOP
31,서면역에서,BLACKPINK,서면역에서
32,"Achoo (Feat. pH-1, HAON) (Prod. GroovyRoom)",경서예지,쇼미더머니 9 Episode 3
33,2002,이예준,Speak Your Mind (Deluxe)
34,마음을 드려요,조정석,사랑의 불시착 OST Part 11
35,오늘도 빛나는 너에게 (To You My Light) (Feat.이라온),오마이걸 (OH MY GIRL),Red Moon : To You My Light
36,Freak (Prod. Slom),순순희,쇼미더머니 9 Episode 1
37,딩가딩가 (Dingga),미란이 (Mirani),딩가딩가 (Dingga)
38,작은 것들을 위한 시 (Boy With Luv) (Feat. Halsey),Anne-Marie,MAP OF THE SOUL : PERSONA
39,뿌리 (Feat. JUSTHIS) (Prod. GroovyRoom),아이유,쇼미더머니 9 Episode 3
40,"ON AIR (Feat. 로꼬, 박재범 & GRAY)",마크툽 (MAKTUB),쇼미더머니 9 Final
41,Memories,릴보이 (lIlBOI),Memories
42,거짓말이라도 해서 널 보고싶어,원슈타인,거짓말이라도 해서 널 보고싶어
43,DON'T TOUCH ME,Chillin Homie,DON'T TOUCH ME
44,우리 왜 헤어져야 해,스카이민혁 (Skyminhyuk),우리 왜 헤어져야 해
45,시작,마마무 (Mamamoo),이태원 클라쓰 OST Part.2
46,마리아 (Maria),방탄소년단,María
47,I CAN’T STOP ME,Khundi Panda,Eyes wide open
48,사랑은 지날수록 더욱 선명하게 남아,릴보이 (lIlBOI),한 걸음 : 흔적
49,살짝 설렜어 (Nonstop),Maroon 5,NONSTOP
50,봄날,백지영,YOU NEVER WALK ALONE
51,Dance Monkey,환불원정대,The Kids Are Coming
52,한잔이면 지워질까,신예영,한잔이면 지워질까
53,너의 번호를 누르고 (Prod. 영화처럼),가호 (Gaho),너의 번호를 누르고
54,홀로,화사 (Hwa Sa),홀로
55,Downtown Baby,TWICE (트와이스),Downtown Baby
56,Panorama,전상근,One-reeler / Act IV
57,밝게 빛나는 별이 되어 비춰줄게,오마이걸 (OH MY GIRL),밝게 빛나는 별이 되어 비춰줄게
58,눈누난나 (NUNU NANA),방탄소년단,NUNA
59,안녕,Tones And I,호텔 델루나 OST Part.10
60,그대 없이 그대와,황인욱,그대 없이 그대와
61,악역 (Feat. 이하이 & 사이먼 도미닉) (Prod. 코드 쿤스트),#안녕,쇼미더머니 9 Semi Final
62,뻔한남자,이하이,뻔한남자
63,"사랑 못해, 남들 쉽게 다 하는 거",블루 (BLOO),"사랑 못해, 남들 쉽게 다 하는 거"
64,너를 만나,IZ*ONE (아이즈원),너를 만나
65,가을밤에 든 생각,송이한,잔나비 소곡집 l
66,소확행,제시 (Jessi),힘든 건 사랑이 아니다
67,Love poem,폴킴,Love poem
68,우린 어쩌다 헤어진 걸까,HYNN (박혜원),Hello
69,처음처럼,스윙스,CEREMONIA
70,고독하구만 (Feat. 수퍼비) (Prod. GroovyRoom),이승기,쇼미더머니 9 Semi Final
71,이제 나만 믿어요,먼데이 키즈 (Monday Kiz),내일은 미스터트롯 우승자 특전곡
72,"Rosario (Feat. CL, ZICO)",폴킴,Epik High Is Here 上
73,12:45 (Stripped),잔나비,12:45 (Stripped)
74,Don't Start Now,임창정,Future Nostalgia
75,사랑하게 될 줄 알았어,아이유,슬기로운 의사생활 OST Part 11
76,Snowman,허각,Everyday Is Christmas (Deluxe)
77,잘할게,엠씨더맥스 (M.C the MAX),The Project
78,행복해,머쉬베놈 (MUSHVENOM),Happy
79,아무노래,임영웅,아무노래
80,Black Mamba,에픽하이 (EPIK HIGH),Black Mamba
81,Bad Boy,Etham,Bad Boy
82,Maniac,Dua Lipa,Maniac
83,Paris In The Rain,전미도,I met you when I was 18. (the playlist)
84,별을 담은 시 (Ode To The Stars),Sia,Red Moon : Ode To The Stars
85,What Do I Call You,이승기,What Do I Call You - The 4th Mini Album
86,12월의 어느 겨울…,송하예,12월의 어느 겨울…
87,내 얘기 같아 (Feat. 헤이즈),지코 (ZICO),Epik High Is Here 上
88,다시 여기 바닷가,aespa,다시 여기 바닷가
89,"여백의 미 (Feat. Jessi, JUSTHIS) (Prod. GroovyRoom)",청하,쇼미더머니 9 Final
90,나로 바꾸자 (duet with JYP),Christopher,나로 바꾸자 (duet with JYP)
91,너도 아는,Conan Gray,너도 아는
92,ON,Lauv,MAP OF THE SOUL : 7
93,놓아줘 (with 태연),마크툽 (MAKTUB),with HER
94,For You (Feat. Crush),이라온,For You
95,원해 (Feat. 팔로알토) (Prod. 코드 쿤스트),태연 (TAEYEON),쇼미더머니 9 Episode 1
96,적외선 카메라,윤도 (YoonDo),쇼미더머니 9 Episode 3
97,Santa Tell Me,에픽하이 (EPIK HIGH),Santa Tell Me
98,Blue & Grey,"싹쓰리 (유두래곤, 린다G, 비룡)",BE
99,Your Lights,머쉬베놈 (MUSHVENOM),Your Lights (바이크 원정대 OST Part.1)
