,영상제목,영상주소,조회수
0,아직도 젖먹는 아기 고양이가 여기있어요!,https://i.ytimg.com/vi/zdpORWFBObs/hq720.jpg?sqp=-oaymwEcCOgCEMoBSFXyq4qpAw4IARUAAIhCGAFwAcABBg==&rs=AOn4CLCghzSvKLeaapFjHGxVGeSsz8IaRw,"271,854"
1,고양이가 괴물을 만났습니다.,https://i.ytimg.com/vi/1Tv3idOf8tE/hq720.jpg?sqp=-oaymwEcCOgCEMoBSFXyq4qpAw4IARUAAIhCGAFwAcABBg==&rs=AOn4CLAzfRoppbPXuM6laaP7eWWbyiz1ZQ,"58,967"
2,그들의 첫 항문낭 짜기...... 충격적인 시간이었다,https://i.ytimg.com/vi/Qi5c4UGrl_E/hq720.jpg?sqp=-oaymwEcCOgCEMoBSFXyq4qpAw4IARUAAIhCGAFwAcABBg==&rs=AOn4CLAm8lujklYE4-d4s93Wm2LY8pIRqA,"70,319"
3,간식 있는 척 장난 쳤더니 종 치면서 짜증내는 고양이,https://i.ytimg.com/vi/bQpHtHabTPQ/hq720.jpg?sqp=-oaymwEcCOgCEMoBSFXyq4qpAw4IARUAAIhCGAFwAcABBg==&rs=AOn4CLDpxDqXzi3dQXgpCBWiRgWX8fng9A,"24,200"
4,구조한 길 고양이 금순이 입양 갔습니다. 최종 ep ㅣ 진돗개,https://i.ytimg.com/vi/JveHwI22PIY/hqdefault.jpg?sqp=-oaymwEcCOADEI4CSFXyq4qpAw4IARUAAIhCGAFwAcABBg==&rs=AOn4CLAWDgnesJZ_efSepn0RBV7UZOLHTg,"6,986"
5,[삐약모음]자꾸 삐약! 삐약! 집사한테 말 거는 고양이 미루ㅎ,https://i.ytimg.com/vi/yrGbpikFHDI/hq720.jpg?sqp=-oaymwEcCOgCEMoBSFXyq4qpAw4IARUAAIhCGAFwAcABBg==&rs=AOn4CLAHtiDfVlIm2pGIUp-AO6nFyYpsMA,"17,665"
6,식음 전폐의 상황에서 성공한 고양이 열마리 합사 2년간의 기록,https://i.ytimg.com/vi/DMZ1KWiHCCk/hq720.jpg?sqp=-oaymwEcCOgCEMoBSFXyq4qpAw4IARUAAIhCGAFwAcABBg==&rs=AOn4CLDFbZafYTuyI9t_NCWxRpeHXaUo7g,"19,560"
7,아! 진짜 강아지가 고양이로 환생한 것 같아요ㅋ,https://i.ytimg.com/vi/4BwNZSTHjCQ/hq720.jpg?sqp=-oaymwEcCOgCEMoBSFXyq4qpAw4IARUAAIhCGAFwAcABBg==&rs=AOn4CLAg6bAotn1l8xnPahftSgwSfXRUGA,"908,356"
8,장난감뱀에 진심인 고양이들 반응ㅋㅋㅋ,https://i.ytimg.com/vi/bxEq4zIyy0E/hq720.jpg?sqp=-oaymwEcCOgCEMoBSFXyq4qpAw4IARUAAIhCGAFwAcABBg==&rs=AOn4CLBKsSRK_VuQxVPmFuXXV1km1et_Rg,"6,124,025"
9,새해 맞이 강아지 고양이 형제 동시 목욕의 날 │이웃집의 백호│웰시코기 백호,https://i.ytimg.com/vi/vnz1Z4OgpLA/hq720.jpg?sqp=-oaymwEcCOgCEMoBSFXyq4qpAw4IARUAAIhCGAFwAcABBg==&rs=AOn4CLDXSAeGmb1K0nL36oUthJeFGoSDJg,"25,231"
10,[vlog] #먼치킨 #새끼고양이와 #포메라니안 강아지 같이 키우기 - 합사 첫날부터 친해지기까지,https://i.ytimg.com/vi/jANE8lpoj2c/hq720.jpg?sqp=-oaymwEcCOgCEMoBSFXyq4qpAw4IARUAAIhCGAFwAcABBg==&rs=AOn4CLCFL20vj9j_gYFr3aNxCVasKPiaeQ,"35,260,295"
11,"고양이가 아플 때 보내는 신호는? | 집사, 고양이 건강을 지켜라!",https://i.ytimg.com/vi/JEBt-TbAcqs/hq720.jpg?sqp=-oaymwEcCOgCEMoBSFXyq4qpAw4IARUAAIhCGAFwAcABBg==&rs=AOn4CLAngvI9hlCNZ-Z7g2AFc4lSd9HcmA,"54,635"
12,미어cat이 된 고양이ㅣA Cat Wanted To Be A Meerkat,https://i.ytimg.com/vi/UOrIEf6PZsY/hq720.jpg?sqp=-oaymwEcCOgCEMoBSFXyq4qpAw4IARUAAIhCGAFwAcABBg==&rs=AOn4CLBxa1kwSTWqFMR-DmYU05oZDdKgCg,"237,050"
13,얼음 속 잉어를 노리는 고양이,https://i.ytimg.com/vi/moFB-j5iY2E/hq720.jpg?sqp=-oaymwEcCOgCEMoBSFXyq4qpAw4IARUAAIhCGAFwAcABBg==&rs=AOn4CLAKgMX5ACZx1HRsCSpL9yD6f8ogDA,"9,796,081"
14,(홈트 방해냥) 고양이 때문에 운동하다 빵터짐ㅋㅋㅋ,https://i.ytimg.com/vi/J5P23ycOxWE/hq720.jpg?sqp=-oaymwEcCOgCEMoBSFXyq4qpAw4IARUAAIhCGAFwAcABBg==&rs=AOn4CLAidnVUouxzd17KCLc8f6pC927vNw,"70,780"
15,추운겨울 전기장판에 누워 몸을 녹이는 아기 길고양이 stray cat house,https://i.ytimg.com/vi/WJNNDgEsuSo/hq720.jpg?sqp=-oaymwEcCOgCEMoBSFXyq4qpAw4IARUAAIhCGAFwAcABBg==&rs=AOn4CLDQq1bMhGLnynJ8632w6yTKxlcbrg,"2,376"
16,별나라 간 고양이가 보낸 선물이라고 반가워 난리 난 할매들,https://i.ytimg.com/vi/cYf3FLzOfdE/hqdefault.jpg?sqp=-oaymwEcCOADEI4CSFXyq4qpAw4IARUAAIhCGAFwAcABBg==&rs=AOn4CLCzCw-gkzIYyXNILgGc0ykh9pKiQQ,"1,741"
17,유기묘 보호소에서 분명 아기고양이를 입양했는데 강아지가 왔습니다,https://i.ytimg.com/vi/kOLWRgdmcx8/hq720.jpg?sqp=-oaymwEcCOgCEMoBSFXyq4qpAw4IARUAAIhCGAFwAcABBg==&rs=AOn4CLAzT7H-rr4r36KdqlWlkGeMGMUwtQ,"4,277,027"
18,고양이에게 생선을 맡겨보았습니다!,https://i.ytimg.com/vi/LVPAER7JBng/hq720.jpg?sqp=-oaymwEcCOgCEMoBSFXyq4qpAw4IARUAAIhCGAFwAcABBg==&rs=AOn4CLAjMhRwHH4AXIOkr0H957PQ0Y3nAQ,"369,119"
19,고양이 예능 몰아보기 | 고양이 산책,https://i.ytimg.com/vi/GVr7FyMwcN8/hq720.jpg?sqp=-oaymwEcCOgCEMoBSFXyq4qpAw4IARUAAIhCGAFwAcABBg==&rs=AOn4CLAIm2dFvHf9vmrEIjns8cXioMcuGw,"1,547,040"
20,아기고양이 발톱깎다 죽을뻔..심쿵사   | 고양이산책,https://i.ytimg.com/vi/TL83sKr86Eg/hq720.jpg?sqp=-oaymwEcCOgCEMoBSFXyq4qpAw4IARUAAIhCGAFwAcABBg==&rs=AOn4CLDtWiGaZCqVcoNx5L7-6Dhu3dt5dg,"319,896"
21,고양이들이 냥아치라고 불리는 이유ㅋㅋㅋㅋㅋㅋㅋㅋㅋ인성 실화야!?!,https://i.ytimg.com/vi/JU9Yz8vaLz0/hq720.jpg?sqp=-oaymwEcCOgCEMoBSFXyq4qpAw4IARUAAIhCGAFwAcABBg==&rs=AOn4CLCLBk_AEVrs2XnLcSHk0KCzuwnDYg,"340,078"
22,"고양이 절대 키우지 마세요 (입양 전 준비, 파양하는 이유)",https://i.ytimg.com/vi/rKh7LMjBz6g/hq720.jpg?sqp=-oaymwEcCOgCEMoBSFXyq4qpAw4IARUAAIhCGAFwAcABBg==&rs=AOn4CLBBLhE9CXrSpGGCOETIh_RGQHGCFQ,"377,204"
23,고양이는 왜 이럴까❓[Q&A]...와 고양이 식탁교육,https://i.ytimg.com/vi/qVvVpm0JABU/hq720.jpg?sqp=-oaymwEcCOgCEMoBSFXyq4qpAw4IARUAAIhCGAFwAcABBg==&rs=AOn4CLCECa3vJzQmaIuQ_pjCP62wdtiWgw,"31,830"
24,아기고양이의 30일간의 성장과정 | 고양이산책,https://i.ytimg.com/vi/fxPEXpqvF6I/hq720.jpg?sqp=-oaymwEcCOgCEMoBSFXyq4qpAw4IARUAAIhCGAFwAcABBg==&rs=AOn4CLCk3QukFpIotCrKw6OknyR6ex0BLQ,"149,111"
25,*실화* 죽은 척했더니 현관문 긁으면서 펑펑 우는 고양이 ㅠ,https://i.ytimg.com/vi/aJJ5D3Z7DpQ/hq720.jpg?sqp=-oaymwEcCOgCEMoBSFXyq4qpAw4IARUAAIhCGAFwAcABBg==&rs=AOn4CLDJYRO8sXzwVcRFQW1yplio2LroUw,"941,878"
26,벽돌 속에 갇혀버린 아기고양이[고양이탐정],https://i.ytimg.com/vi/icNLgCfvPXU/hq720.jpg?sqp=-oaymwEcCOgCEMoBSFXyq4qpAw4IARUAAIhCGAFwAcABBg==&rs=AOn4CLBEpv-0znl7dJfPgWvXMTDErRe8Ug,"2,497,179"
27,몽유병이 있는 집사 곁에서 자는 고양이,https://i.ytimg.com/vi/_7qCL-7Cfmk/hq720.jpg?sqp=-oaymwEcCOgCEMoBSFXyq4qpAw4IARUAAIhCGAFwAcABBg==&rs=AOn4CLAeVRiT2mTwXQcLH9EBdXuu2gDrwQ,"151,232"
28,새끼고양이와 이별을 받아 들이기 힘든 어미고양이,https://i.ytimg.com/vi/v5hUXycOlA8/hqdefault.jpg?sqp=-oaymwEcCOADEI4CSFXyq4qpAw4IARUAAIhCGAFwAcABBg==&rs=AOn4CLC1RabqI5DgeiGvqfs8r7IyZKsoNw,350
29,무릎 위에서 애교 부리는 고양이,https://i.ytimg.com/vi/hmYVuY7VDZc/hq720.jpg?sqp=-oaymwEcCOgCEMoBSFXyq4qpAw4IARUAAIhCGAFwAcABBg==&rs=AOn4CLDayc3i26oPug2H8uYuMrbvjwWGNg,"1,175,151"
30,"제발, 길고양이 좋아하는 사람만 클릭",https://i.ytimg.com/vi/UGYDJspVJqs/hq720.jpg?sqp=-oaymwEcCOgCEMoBSFXyq4qpAw4IARUAAIhCGAFwAcABBg==&rs=AOn4CLBFiNCeMbo7h-T1oeOICLLnbPSS1Q,"1,657"
31,[홍천 길고양이 겨울나기] 두번째 중성화 포획작전,https://i.ytimg.com/vi/AxUZrxovBoE/hq720.jpg?sqp=-oaymwEcCOgCEMoBSFXyq4qpAw4IARUAAIhCGAFwAcABBg==&rs=AOn4CLAk98r1UuX5UY1Nj14nAaDYj8hVxg,"2,433"
32,시원하게 땀 빼고 먹는 츄르맛이 최고라는 찜질 고양이 선생ㅣCat Brothers Obsessed Over Charcoal Sauna Being So K-Cat,https://i.ytimg.com/vi/cmA2KSJUiEE/hq720.jpg?sqp=-oaymwEcCOgCEMoBSFXyq4qpAw4IARUAAIhCGAFwAcABBg==&rs=AOn4CLCiXxbKAj0m3_f1g9LjvV8xfc4Akw,"723,212"
33,[ENG]🐱 Can cats eat apples? Or not? // 고양이는 사과를 먹을까요? 아님 사과를 할까요?😂😂,https://i.ytimg.com/vi/9MGp9TSCrdo/hq720.jpg?sqp=-oaymwEcCOgCEMoBSFXyq4qpAw4IARUAAIhCGAFwAcABBg==&rs=AOn4CLBL-F4myVVRERokjFwUihBRKp_kqg,891
34,쥐덫에 걸린 새끼 고양이가 서점에서 알바하는 이유ㅣThe Last Of A Cat Caught In A Mouse Trap,https://i.ytimg.com/vi/4--2O5LY04Q/hq720.jpg?sqp=-oaymwEcCOgCEMoBSFXyq4qpAw4IARUAAIhCGAFwAcABBg==&rs=AOn4CLBteqC9RMB69u2sd__rJLQu0S0saA,"419,623"
35,추운 겨울 집요하게 따라오는 새끼고양이 결국...,https://i.ytimg.com/vi/lqTj6nxKvUw/hq720.jpg?sqp=-oaymwEcCOgCEMoBSFXyq4qpAw4IARUAAIhCGAFwAcABBg==&rs=AOn4CLDwAxnHBWBVlxqEtocHdT0iq4ve0w,"1,446,520"
36,이불 빨래의 정석을 보여주는 고양이 - 공장냥이들,https://i.ytimg.com/vi/CMxlR8MtZnw/hq720.jpg?sqp=-oaymwEcCOgCEMoBSFXyq4qpAw4IARUAAIhCGAFwAcABBg==&rs=AOn4CLB5OD_gQ4_rsernQ7--8df8v7ohRg,367
37,6분만에 알아보는 고양이에 대한 13가지 사실,https://i.ytimg.com/vi/drR7vZ-GGIM/hq720.jpg?sqp=-oaymwEcCOgCEMoBSFXyq4qpAw4IARUAAIhCGAFwAcABBg==&rs=AOn4CLBEmuLPEFq8-HTcAkOCmm_Zz2lY6g,"451,681"
38,분명 어미 잃은 아기고양이를 입양했는데...얘 진짜 고양이 맞나요??,https://i.ytimg.com/vi/dLsIj8Q5cnE/hq720.jpg?sqp=-oaymwEcCOgCEMoBSFXyq4qpAw4IARUAAIhCGAFwAcABBg==&rs=AOn4CLBwBT3R_umIfEk1dslZTRI_-6E3pQ,"805,405"
39,집사를 진짜 아빠로 생각하는 아기고양이,https://i.ytimg.com/vi/Jf4iLLf-l7Y/hq720.jpg?sqp=-oaymwEcCOgCEMoBSFXyq4qpAw4IARUAAIhCGAFwAcABBg==&rs=AOn4CLAnpJzqOEpvRhP7KbiL5EzoWh3y7w,"608,302"
40,이것은 고양인가 호랑인가? 지금까지 이런 고양이는 없었다! l 잔존 난소 중성화,https://i.ytimg.com/vi/pEJLOEUXfOs/hq720.jpg?sqp=-oaymwEcCOgCEMoBSFXyq4qpAw4IARUAAIhCGAFwAcABBg==&rs=AOn4CLCHev-oeo8gmiHisaXPEeR8diAWUQ,"447,204"
41,고양이와 집사만의 언어 야옹을 알아보자. 고양이의 시그니처 언어인 야옹을 알아보자.,https://i.ytimg.com/vi/WzPdq3tMMFs/hq720.jpg?sqp=-oaymwEcCOgCEMoBSFXyq4qpAw4IARUAAIhCGAFwAcABBg==&rs=AOn4CLAJxOunCgOuY2-KZakQVHlrIqttTA,"13,942"
42,동물농장 ★인기 짱 고양이★ 고양이 최고야 고양이 사랑해 I TV동물농장 (Animal Farm) | SBS Story,https://i.ytimg.com/vi/HP0a4pkXM3Q/hq720.jpg?sqp=-oaymwEcCOgCEMoBSFXyq4qpAw4IARUAAIhCGAFwAcABBg==&rs=AOn4CLAYVtJnIA70ayfnT-toXXViMljCmg,"664,443"
43,지문이 닳도록 빌며 살아야하는 고양이 집사의 삶,https://i.ytimg.com/vi/k1WYLdKJ_fM/hq720.jpg?sqp=-oaymwEcCOgCEMoBSFXyq4qpAw4IARUAAIhCGAFwAcABBg==&rs=AOn4CLALMHgg5mVNizn2ejFcA4mhfKKJog,"252,175"
44,[TV 동물농장 레전드] ‘국밥집 아주머니를 지키는 고양이 보디가드 모자’ 풀버전 다시보기 I TV동물농장 (Animal Farm) | SBS Story,https://i.ytimg.com/vi/3V8XdhcYL_E/hq720.jpg?sqp=-oaymwEcCOgCEMoBSFXyq4qpAw4IARUAAIhCGAFwAcABBg==&rs=AOn4CLAs1S3EXkB7YOV_OfPM5A0vqZmuZw,"905,980"
45,"96화- 엄마냥의 교상 현재 상태, 마당고양이 가족, 아침 풍경, 딱따구리?",https://i.ytimg.com/vi/CyjyXe1Bgm0/hq720.jpg?sqp=-oaymwEcCOgCEMoBSFXyq4qpAw4IARUAAIhCGAFwAcABBg==&rs=AOn4CLBPlLf-JgFxEPvHUT3tIQyHJFpwuQ,"3,003"
46,다홍애비 박수홍입니다 + 랜선집사님들 댓글 피드백,https://i.ytimg.com/vi/nPF4lB0p7Js/hq720.jpg?sqp=-oaymwEcCOgCEMoBSFXyq4qpAw4IARUAAIhCGAFwAcABBg==&rs=AOn4CLBRhoUfnut3fQT4WY_cL63moY3geA,"158,877"
47,아기처럼 안겨 네블라이져 받는 고양이,https://i.ytimg.com/vi/FEvA27kZk-A/hq720.jpg?sqp=-oaymwEcCOgCEMoBSFXyq4qpAw4IARUAAIhCGAFwAcABBg==&rs=AOn4CLAjoqWAO67gVeDTnm3pq6DCV2qViw,"932,029"
48,고양이가 거울 보고 엄청 신기해하네요 ㅎㅎ  | 고양이산책,https://i.ytimg.com/vi/VkhT5EGOh5w/hq720.jpg?sqp=-oaymwEcCOgCEMoBSFXyq4qpAw4IARUAAIhCGAFwAcABBg==&rs=AOn4CLAlC8766mc6CjD1GJBQbm685YytCA,"39,661"
49,모래에 첫 응가를 하다 잠이 쏟아져 버린 아기고양이ㅠㅠ,https://i.ytimg.com/vi/iOqFyq-HxRo/hq720.jpg?sqp=-oaymwEcCOgCEMoBSFXyq4qpAw4IARUAAIhCGAFwAcABBg==&rs=AOn4CLCpI2wK1lIzTQpwo2PzCLzoflCUuw,"18,182"
50,큰문을 한방에 여는 천재 길고양이,https://i.ytimg.com/vi/UV240Sp8Lbw/hqdefault.jpg?sqp=-oaymwEcCOADEI4CSFXyq4qpAw4IARUAAIhCGAFwAcABBg==&rs=AOn4CLCjwZ8PeLp5IP4hIBp6GteN_zFKYw,"4,190"
51,고양이들끼리 난리났습니다.,https://i.ytimg.com/vi/APxhVr-DoHM/hq720.jpg?sqp=-oaymwEcCOgCEMoBSFXyq4qpAw4IARUAAIhCGAFwAcABBg==&rs=AOn4CLDtcJ_9BDoZTArUJORhfNBe2zaEbA,"149,328"
52,(ENG) 한파에 똘똘 뭉치는 산골 고양이들(냥글냥글),https://i.ytimg.com/vi/lIct6zdkDYg/hq720.jpg?sqp=-oaymwEcCOgCEMoBSFXyq4qpAw4IARUAAIhCGAFwAcABBg==&rs=AOn4CLDfF5OJIchOhFJ0IhL70VpkszbSiw,"197,797"
53,아기고양이가 박스안에 자꾸 들어가요  | 고양이산책,https://i.ytimg.com/vi/nc7RoOS-GTA/hq720.jpg?sqp=-oaymwEcCOgCEMoBSFXyq4qpAw4IARUAAIhCGAFwAcABBg==&rs=AOn4CLBHQLjP3oClwM6_PIXh6HW3Ne_94g,"48,371"
54,고양이 극대노 샤우팅,https://i.ytimg.com/vi/LZSF_1HgCGc/hq720.jpg?sqp=-oaymwEcCOgCEMoBSFXyq4qpAw4IARUAAIhCGAFwAcABBg==&rs=AOn4CLC2fToNDP-7f93iXfv5TwJ4vIjiGw,"216,309"
